id,entity_id,title,date,text,subject,predicate,value
identity-ror-00vkwep27,ror:00vkwep27,Division of Cancer Epidemiology and Genetics — source identity,2026-10-07,"{""caution"": ""Source assertions, not independently verified facts. Edit/retrieval dates are not relationship validity dates. Projection records a captured assertion, not present-day truth. Crosswalks never merge identities; reciprocity does not establish independent corroboration. Linked media was not imported."", ""identity"": {""aliases"": [""00vkwep27"", ""DCEG"", ""Division of Cancer Epidemiology & Genetics at the National Cancer Institute"", ""Division of Cancer Epidemiology and Genetics at the National Cancer Institute"", ""Division of Cancer Epidemiology and Genetics, National Cancer Institute"", ""NCI Division of Cancer Epidemiology and Genetics"", ""National Cancer Institute Division of Cancer Epidemiology and Genetics""], ""id"": ""ror:00vkwep27"", ""identity_policy"": ""Source-specific identity; no cross-database merge."", ""name"": ""Division of Cancer Epidemiology and Genetics"", ""provider"": ""ror"", ""source_entity_id"": ""00vkwep27""}, ""source_provenance"": {""capture_manifest_path"": ""sources/capture-manifest.json"", ""entity_id"": ""00vkwep27"", ""id"": ""ror-00vkwep27"", ""path"": ""sources/raw/ror-00vkwep27.json"", ""provider"": ""ror"", ""request_attempts"": 1, ""retrieved_at_utc"": ""2026-10-07T04:14:07Z"", ""revision"": {""record_modified"": ""2024-12-11"", ""schema_version"": ""2.1""}, ""sha256"": ""83d0cd788a65e22c22719fdc23e37894b3e94aaca0a41ea61351109365a8798d"", ""size_bytes"": 1565, ""url"": ""https://api.ror.org/v2/organizations/00vkwep27""}}",ror:00vkwep27,captured_source_record,https://api.ror.org/v2/organizations/00vkwep27
identity-ror-00w52vt71,ror:00w52vt71,MUSC Hollings Cancer Center — source identity,2026-10-07,"{""caution"": ""Source assertions, not independently verified facts. Edit/retrieval dates are not relationship validity dates. Projection records a captured assertion, not present-day truth. Crosswalks never merge identities; reciprocity does not establish independent corroboration. Linked media was not imported."", ""identity"": {""aliases"": [""00w52vt71"", ""HCC"", ""Hollings Cancer Center"", ""Medical University of South Carolina Cancer Center"", ""Medical University of South Carolina Hollings Cancer Center""], ""id"": ""ror:00w52vt71"", ""identity_policy"": ""Source-specific identity; no cross-database merge."", ""name"": ""MUSC Hollings Cancer Center"", ""provider"": ""ror"", ""source_entity_id"": ""00w52vt71""}, ""source_provenance"": {""capture_manifest_path"": ""sources/capture-manifest.json"", ""entity_id"": ""00w52vt71"", ""id"": ""ror-00w52vt71"", ""path"": ""sources/raw/ror-00w52vt71.json"", ""provider"": ""ror"", ""request_attempts"": 1, ""retrieved_at_utc"": ""2026-10-07T04:14:09Z"", ""revision"": {""record_modified"": ""2024-12-11"", ""schema_version"": ""2.1""}, ""sha256"": ""4f62d30c9110c91a2ecd4089e3c467f4fb10a9e3e1be09c0ad9e1f73d8023e29"", ""size_bytes"": 1486, ""url"": ""https://api.ror.org/v2/organizations/00w52vt71""}}",ror:00w52vt71,captured_source_record,https://api.ror.org/v2/organizations/00w52vt71
identity-ror-01cwqze88,ror:01cwqze88,National Institutes of Health — source identity,2026-10-07,"{""caution"": ""Source assertions, not independently verified facts. Edit/retrieval dates are not relationship validity dates. Projection records a captured assertion, not present-day truth. Crosswalks never merge identities; reciprocity does not establish independent corroboration. Linked media was not imported."", ""identity"": {""aliases"": [""01cwqze88"", ""NIH"", ""US National Institutes of Health"", ""United States National Institutes of Health""], ""id"": ""ror:01cwqze88"", ""identity_policy"": ""Source-specific identity; no cross-database merge."", ""name"": ""National Institutes of Health"", ""provider"": ""ror"", ""source_entity_id"": ""01cwqze88""}, ""source_provenance"": {""capture_manifest_path"": ""sources/capture-manifest.json"", ""entity_id"": ""01cwqze88"", ""id"": ""ror-01cwqze88"", ""path"": ""sources/raw/ror-01cwqze88.json"", ""provider"": ""ror"", ""request_attempts"": 1, ""retrieved_at_utc"": ""2026-10-07T04:14:08Z"", ""revision"": {""record_modified"": ""2026-08-25"", ""schema_version"": ""2.1""}, ""sha256"": ""b43dbcc8dcd4db9417a2667370bd463a5c907a36d83c8482f7c39235586f8385"", ""size_bytes"": 4516, ""url"": ""https://api.ror.org/v2/organizations/01cwqze88""}}",ror:01cwqze88,captured_source_record,https://api.ror.org/v2/organizations/01cwqze88
identity-ror-02qyzaf42,ror:02qyzaf42,The Cancer Imaging Archive — source identity,2026-10-07,"{""caution"": ""Source assertions, not independently verified facts. Edit/retrieval dates are not relationship validity dates. Projection records a captured assertion, not present-day truth. Crosswalks never merge identities; reciprocity does not establish independent corroboration. Linked media was not imported."", ""identity"": {""aliases"": [""02qyzaf42"", ""TCIA""], ""id"": ""ror:02qyzaf42"", ""identity_policy"": ""Source-specific identity; no cross-database merge."", ""name"": ""The Cancer Imaging Archive"", ""provider"": ""ror"", ""source_entity_id"": ""02qyzaf42""}, ""source_provenance"": {""capture_manifest_path"": ""sources/capture-manifest.json"", ""entity_id"": ""02qyzaf42"", ""id"": ""ror-02qyzaf42"", ""path"": ""sources/raw/ror-02qyzaf42.json"", ""provider"": ""ror"", ""request_attempts"": 1, ""retrieved_at_utc"": ""2026-10-07T04:14:10Z"", ""revision"": {""record_modified"": ""2024-12-11"", ""schema_version"": ""2.1""}, ""sha256"": ""17f1e24342747e318eef90f3083ff02d73bd5c88d8102378b9d2e19b815a8cf7"", ""size_bytes"": 1239, ""url"": ""https://api.ror.org/v2/organizations/02qyzaf42""}}",ror:02qyzaf42,captured_source_record,https://api.ror.org/v2/organizations/02qyzaf42
identity-ror-03v6m3209,ror:03v6m3209,Frederick National Laboratory for Cancer Research — source identity,2026-10-07,"{""caution"": ""Source assertions, not independently verified facts. Edit/retrieval dates are not relationship validity dates. Projection records a captured assertion, not present-day truth. Crosswalks never merge identities; reciprocity does not establish independent corroboration. Linked media was not imported."", ""identity"": {""aliases"": [""03v6m3209""], ""id"": ""ror:03v6m3209"", ""identity_policy"": ""Source-specific identity; no cross-database merge."", ""name"": ""Frederick National Laboratory for Cancer Research"", ""provider"": ""ror"", ""source_entity_id"": ""03v6m3209""}, ""source_provenance"": {""capture_manifest_path"": ""sources/capture-manifest.json"", ""entity_id"": ""03v6m3209"", ""id"": ""ror-03v6m3209"", ""path"": ""sources/raw/ror-03v6m3209.json"", ""provider"": ""ror"", ""request_attempts"": 1, ""retrieved_at_utc"": ""2026-10-07T04:14:05Z"", ""revision"": {""record_modified"": ""2024-12-11"", ""schema_version"": ""2.1""}, ""sha256"": ""9a9209e0ed894ce81439c17d9b9c071c8dab8db4f57cbb8838e77da858a7b591"", ""size_bytes"": 1392, ""url"": ""https://api.ror.org/v2/organizations/03v6m3209""}}",ror:03v6m3209,captured_source_record,https://api.ror.org/v2/organizations/03v6m3209
identity-ror-040gcmg81,ror:040gcmg81,National Cancer Institute — source identity,2026-10-07,"{""caution"": ""Source assertions, not independently verified facts. Edit/retrieval dates are not relationship validity dates. Projection records a captured assertion, not present-day truth. Crosswalks never merge identities; reciprocity does not establish independent corroboration. Linked media was not imported."", ""identity"": {""aliases"": [""040gcmg81"", ""Institut National du Cancer"", ""Instituto Nacional del Cáncer"", ""NCI""], ""id"": ""ror:040gcmg81"", ""identity_policy"": ""Source-specific identity; no cross-database merge."", ""name"": ""National Cancer Institute"", ""provider"": ""ror"", ""source_entity_id"": ""040gcmg81""}, ""source_provenance"": {""capture_manifest_path"": ""sources/capture-manifest.json"", ""entity_id"": ""040gcmg81"", ""id"": ""ror-040gcmg81"", ""path"": ""sources/raw/ror-040gcmg81.json"", ""provider"": ""ror"", ""request_attempts"": 1, ""retrieved_at_utc"": ""2026-10-07T04:14:03Z"", ""revision"": {""record_modified"": ""2024-12-11"", ""schema_version"": ""2.1""}, ""sha256"": ""8073d4137c55295dc2a11bfb71fbac38783534754709e472735a206ea95fdf9d"", ""size_bytes"": 1927, ""url"": ""https://api.ror.org/v2/organizations/040gcmg81""}}",ror:040gcmg81,captured_source_record,https://api.ror.org/v2/organizations/040gcmg81
identity-ror-05bjen692,ror:05bjen692,Center for Cancer Research — source identity,2026-10-07,"{""caution"": ""Source assertions, not independently verified facts. Edit/retrieval dates are not relationship validity dates. Projection records a captured assertion, not present-day truth. Crosswalks never merge identities; reciprocity does not establish independent corroboration. Linked media was not imported."", ""identity"": {""aliases"": [""05bjen692"", ""CCR""], ""id"": ""ror:05bjen692"", ""identity_policy"": ""Source-specific identity; no cross-database merge."", ""name"": ""Center for Cancer Research"", ""provider"": ""ror"", ""source_entity_id"": ""05bjen692""}, ""source_provenance"": {""capture_manifest_path"": ""sources/capture-manifest.json"", ""entity_id"": ""05bjen692"", ""id"": ""ror-05bjen692"", ""path"": ""sources/raw/ror-05bjen692.json"", ""provider"": ""ror"", ""request_attempts"": 1, ""retrieved_at_utc"": ""2026-10-07T04:14:04Z"", ""revision"": {""record_modified"": ""2026-07-20"", ""schema_version"": ""2.1""}, ""sha256"": ""8e35b4d38a56b234db715a03ae9a8cc41f6676afd44d971251ec17cb5ef121f8"", ""size_bytes"": 1044, ""url"": ""https://api.ror.org/v2/organizations/05bjen692""}}",ror:05bjen692,captured_source_record,https://api.ror.org/v2/organizations/05bjen692
identity-ror-05n6zrm60,ror:05n6zrm60,SWOG Cancer Research Network — source identity,2026-10-07,"{""caution"": ""Source assertions, not independently verified facts. Edit/retrieval dates are not relationship validity dates. Projection records a captured assertion, not present-day truth. Crosswalks never merge identities; reciprocity does not establish independent corroboration. Linked media was not imported."", ""identity"": {""aliases"": [""05n6zrm60"", ""Southwest Oncology Group""], ""id"": ""ror:05n6zrm60"", ""identity_policy"": ""Source-specific identity; no cross-database merge."", ""name"": ""SWOG Cancer Research Network"", ""provider"": ""ror"", ""source_entity_id"": ""05n6zrm60""}, ""source_provenance"": {""capture_manifest_path"": ""sources/capture-manifest.json"", ""entity_id"": ""05n6zrm60"", ""id"": ""ror-05n6zrm60"", ""path"": ""sources/raw/ror-05n6zrm60.json"", ""provider"": ""ror"", ""request_attempts"": 1, ""retrieved_at_utc"": ""2026-10-07T04:14:06Z"", ""revision"": {""record_modified"": ""2024-12-11"", ""schema_version"": ""2.1""}, ""sha256"": ""adef7a62ab6c618b7db53701d4604029297bfd72236fab641fe6a26fbb329e06"", ""size_bytes"": 1047, ""url"": ""https://api.ror.org/v2/organizations/05n6zrm60""}}",ror:05n6zrm60,captured_source_record,https://api.ror.org/v2/organizations/05n6zrm60
identity-wikidata-Q390551,wikidata:q390551,United States National Institutes of Health — source identity,2026-10-07,"{""caution"": ""Source assertions, not independently verified facts. Edit/retrieval dates are not relationship validity dates. Projection records a captured assertion, not present-day truth. Crosswalks never merge identities; reciprocity does not establish independent corroboration. Linked media was not imported."", ""identity"": {""aliases"": [""NIH"", ""NIH US"", ""National Institutes of Health"", ""National Institutes of Health (U.S.)"", ""Q390551"", ""U.S. National Institutes of Health"", ""US National Institutes of Health"", ""USNIH""], ""id"": ""wikidata:q390551"", ""identity_policy"": ""Source-specific identity; no cross-database merge."", ""name"": ""United States National Institutes of Health"", ""provider"": ""wikidata"", ""source_entity_id"": ""Q390551""}, ""source_provenance"": {""capture_manifest_path"": ""sources/capture-manifest.json"", ""entity_id"": ""Q390551"", ""id"": ""wikidata-Q390551"", ""path"": ""sources/raw/wikidata-Q390551.json"", ""provider"": ""wikidata"", ""request_attempts"": 1, ""retrieved_at_utc"": ""2026-10-07T04:14:12Z"", ""revision"": {""lastrevid"": 2543960225, ""modified"": ""2026-09-11T12:24:24Z""}, ""sha256"": ""d676dc6801a4bf170ac46cb18a490c8122eb3395f9c520b1f8e903021ccfd4bd"", ""size_bytes"": 261528, ""url"": ""https://www.wikidata.org/wiki/Special:EntityData/Q390551.json?revision=2543960225""}}",wikidata:q390551,captured_source_record,https://www.wikidata.org/wiki/Special:EntityData/Q390551.json?revision=2543960225
identity-wikidata-Q42944,wikidata:q42944,CERN — source identity,2026-10-07,"{""caution"": ""Source assertions, not independently verified facts. Edit/retrieval dates are not relationship validity dates. Projection records a captured assertion, not present-day truth. Crosswalks never merge identities; reciprocity does not establish independent corroboration. Linked media was not imported."", ""identity"": {""aliases"": [""European Organization for Nuclear Research"", ""Q42944"", ""home.cern""], ""id"": ""wikidata:q42944"", ""identity_policy"": ""Source-specific identity; no cross-database merge."", ""name"": ""CERN"", ""provider"": ""wikidata"", ""source_entity_id"": ""Q42944""}, ""source_provenance"": {""capture_manifest_path"": ""sources/capture-manifest.json"", ""entity_id"": ""Q42944"", ""id"": ""wikidata-Q42944"", ""path"": ""sources/raw/wikidata-Q42944.json"", ""provider"": ""wikidata"", ""request_attempts"": 1, ""retrieved_at_utc"": ""2026-10-07T04:14:13Z"", ""revision"": {""lastrevid"": 2541849285, ""modified"": ""2026-09-07T19:19:58Z""}, ""sha256"": ""54cf521d65388a2d127a3410217886a4aded68bffa2b29a6c25f9e1a743f4e96"", ""size_bytes"": 205654, ""url"": ""https://www.wikidata.org/wiki/Special:EntityData/Q42944.json?revision=2541849285""}}",wikidata:q42944,captured_source_record,https://www.wikidata.org/wiki/Special:EntityData/Q42944.json?revision=2541849285
identity-wikidata-Q664846,wikidata:q664846,National Cancer Institute — source identity,2026-10-07,"{""caution"": ""Source assertions, not independently verified facts. Edit/retrieval dates are not relationship validity dates. Projection records a captured assertion, not present-day truth. Crosswalks never merge identities; reciprocity does not establish independent corroboration. Linked media was not imported."", ""identity"": {""aliases"": [""NCI"", ""National Cancer Institute (U.S.)"", ""Q664846""], ""id"": ""wikidata:q664846"", ""identity_policy"": ""Source-specific identity; no cross-database merge."", ""name"": ""National Cancer Institute"", ""provider"": ""wikidata"", ""source_entity_id"": ""Q664846""}, ""source_provenance"": {""capture_manifest_path"": ""sources/capture-manifest.json"", ""entity_id"": ""Q664846"", ""id"": ""wikidata-Q664846"", ""path"": ""sources/raw/wikidata-Q664846.json"", ""provider"": ""wikidata"", ""request_attempts"": 1, ""retrieved_at_utc"": ""2026-10-07T04:14:11Z"", ""revision"": {""lastrevid"": 2550610368, ""modified"": ""2026-09-28T20:00:41Z""}, ""sha256"": ""cf4e1e4bb29c44ea339df53734f4396ba551b7a7863383ac3f90a324fac53695"", ""size_bytes"": 102418, ""url"": ""https://www.wikidata.org/wiki/Special:EntityData/Q664846.json?revision=2550610368""}}",wikidata:q664846,captured_source_record,https://www.wikidata.org/wiki/Special:EntityData/Q664846.json?revision=2550610368
identity-wikidata-Q6973636,wikidata:q6973636,list of institutes and centers of the National Institutes of Health — source identity,2026-10-07,"{""caution"": ""Source assertions, not independently verified facts. Edit/retrieval dates are not relationship validity dates. Projection records a captured assertion, not present-day truth. Crosswalks never merge identities; reciprocity does not establish independent corroboration. Linked media was not imported."", ""identity"": {""aliases"": [""Q6973636""], ""id"": ""wikidata:q6973636"", ""identity_policy"": ""Source-specific identity; no cross-database merge."", ""name"": ""list of institutes and centers of the National Institutes of Health"", ""provider"": ""wikidata"", ""source_entity_id"": ""Q6973636""}, ""source_provenance"": {""capture_manifest_path"": ""sources/capture-manifest.json"", ""entity_id"": ""Q6973636"", ""id"": ""wikidata-Q6973636"", ""path"": ""sources/raw/wikidata-Q6973636.json"", ""provider"": ""wikidata"", ""request_attempts"": 1, ""retrieved_at_utc"": ""2026-10-07T04:14:14Z"", ""revision"": {""lastrevid"": 2216204992, ""modified"": ""2024-07-30T09:50:14Z""}, ""sha256"": ""d24bc337fd25e3b27ddc51603453a582b155f17ba2faee28509989bb59e08473"", ""size_bytes"": 11672, ""url"": ""https://www.wikidata.org/wiki/Special:EntityData/Q6973636.json?revision=2216204992""}}",wikidata:q6973636,captured_source_record,https://www.wikidata.org/wiki/Special:EntityData/Q6973636.json?revision=2216204992
